model,split,log_loss,brier,rps,accuracy,calibration_error,sharpness,n_matches,model_type,parameters
logistic_fifa__hl20.0,2018,0.9148014388657323,0.5404731343215234,0.1792799069072269,0.5705059203444564,0.036510675881512286,0.5745082795974604,929,logistic,"{""half_life_years"": 20.0, ""model_type"": ""logistic"", ""name"": ""logistic_fifa"", ""params"": {""C"": 3.0}}"
lightgbm_small__hl12.0,2018,0.9307574301568703,0.5516259123494894,0.18396119728484972,0.5575888051668461,0.024844937764927317,0.5341578472450057,929,lightgbm,"{""half_life_years"": 12.0, ""model_type"": ""lightgbm"", ""name"": ""lightgbm_small"", ""params"": {""learning_rate"": 0.02, ""max_depth"": 3, ""min_child_samples"": 75, ""n_estimators"": 350, ""num_leaves"": 7, ""reg_alpha"": 1.0, ""reg_lambda"": 10.0}}"
lightgbm_small__hl20.0,2018,0.9291831051600817,0.550988178784324,0.18383707678642233,0.5543595263724435,0.03490607131982565,0.5368285223477559,929,lightgbm,"{""half_life_years"": 20.0, ""model_type"": ""lightgbm"", ""name"": ""lightgbm_small"", ""params"": {""learning_rate"": 0.02, ""max_depth"": 3, ""min_child_samples"": 75, ""n_estimators"": 350, ""num_leaves"": 7, ""reg_alpha"": 1.0, ""reg_lambda"": 10.0}}"
lightgbm_small__hlNone,2018,0.9265292044094862,0.5493736680955543,0.18330155941939583,0.5532831001076426,0.03801793218843214,0.5412609986691868,929,lightgbm,"{""half_life_years"": null, ""model_type"": ""lightgbm"", ""name"": ""lightgbm_small"", ""params"": {""learning_rate"": 0.02, ""max_depth"": 3, ""min_child_samples"": 75, ""n_estimators"": 350, ""num_leaves"": 7, ""reg_alpha"": 1.0, ""reg_lambda"": 10.0}}"
lightgbm_medium__hl12.0,2018,0.9274070729658995,0.5497057545713777,0.18284141101183093,0.5705059203444564,0.03050229298954407,0.5400036273549124,929,lightgbm,"{""half_life_years"": 12.0, ""model_type"": ""lightgbm"", ""name"": ""lightgbm_medium"", ""params"": {""learning_rate"": 0.02, ""max_depth"": 4, ""min_child_samples"": 75, ""n_estimators"": 500, ""num_leaves"": 15, ""reg_alpha"": 1.0, ""reg_lambda"": 15.0}}"
lightgbm_medium__hl20.0,2018,0.9252127244886722,0.5484996679377596,0.18272442720830775,0.5683530678148547,0.029026968081212474,0.5417471660568013,929,lightgbm,"{""half_life_years"": 20.0, ""model_type"": ""lightgbm"", ""name"": ""lightgbm_medium"", ""params"": {""learning_rate"": 0.02, ""max_depth"": 4, ""min_child_samples"": 75, ""n_estimators"": 500, ""num_leaves"": 15, ""reg_alpha"": 1.0, ""reg_lambda"": 15.0}}"
lightgbm_medium__hlNone,2018,0.9256116235377806,0.5482179309625421,0.18254992579212234,0.5672766415500539,0.0214619616227894,0.5466638045289842,929,lightgbm,"{""half_life_years"": null, ""model_type"": ""lightgbm"", ""name"": ""lightgbm_medium"", ""params"": {""learning_rate"": 0.02, ""max_depth"": 4, ""min_child_samples"": 75, ""n_estimators"": 500, ""num_leaves"": 15, ""reg_alpha"": 1.0, ""reg_lambda"": 15.0}}"
lightgbm_slow__hl12.0,2018,0.9251588811554528,0.5479823278055568,0.18209914166552899,0.5640473627556513,0.022969176209972613,0.5442825312483724,929,lightgbm,"{""half_life_years"": 12.0, ""model_type"": ""lightgbm"", ""name"": ""lightgbm_slow"", ""params"": {""learning_rate"": 0.015, ""max_depth"": 5, ""min_child_samples"": 100, ""n_estimators"": 650, ""num_leaves"": 15, ""reg_alpha"": 2.0, ""reg_lambda"": 20.0}}"
lightgbm_slow__hl20.0,2018,0.9231986588385709,0.546759770558293,0.18198682611980477,0.5705059203444564,0.025920500476554177,0.5445854198679023,929,lightgbm,"{""half_life_years"": 20.0, ""model_type"": ""lightgbm"", ""name"": ""lightgbm_slow"", ""params"": {""learning_rate"": 0.015, ""max_depth"": 5, ""min_child_samples"": 100, ""n_estimators"": 650, ""num_leaves"": 15, ""reg_alpha"": 2.0, ""reg_lambda"": 20.0}}"
lightgbm_slow__hlNone,2018,0.9212309737500896,0.5453141827613958,0.1815223934021861,0.5758880516684607,0.031121650910000458,0.547152985677294,929,lightgbm,"{""half_life_years"": null, ""model_type"": ""lightgbm"", ""name"": ""lightgbm_slow"", ""params"": {""learning_rate"": 0.015, ""max_depth"": 5, ""min_child_samples"": 100, ""n_estimators"": 650, ""num_leaves"": 15, ""reg_alpha"": 2.0, ""reg_lambda"": 20.0}}"
hist_gbm_small__hl12.0,2018,0.9297011605619927,0.5508652004633,0.18324462360744687,0.566200215285253,0.02816319950099335,0.5432936482184618,929,hist_gbm,"{""half_life_years"": 12.0, ""model_type"": ""hist_gbm"", ""name"": ""hist_gbm_small"", ""params"": {""l2_regularization"": 10.0, ""learning_rate"": 0.025, ""max_iter"": 350, ""max_leaf_nodes"": 7, ""min_samples_leaf"": 75}}"
hist_gbm_small__hl20.0,2018,0.9269286486429674,0.5491823001378648,0.1827714247695899,0.5715823466092572,0.029652080711264635,0.5448033519284082,929,hist_gbm,"{""half_life_years"": 20.0, ""model_type"": ""hist_gbm"", ""name"": ""hist_gbm_small"", ""params"": {""l2_regularization"": 10.0, ""learning_rate"": 0.025, ""max_iter"": 350, ""max_leaf_nodes"": 7, ""min_samples_leaf"": 75}}"
hist_gbm_small__hlNone,2018,0.9258482211910217,0.5484715067807545,0.18250805260923686,0.5575888051668461,0.023455587515765566,0.5519365643239442,929,hist_gbm,"{""half_life_years"": null, ""model_type"": ""hist_gbm"", ""name"": ""hist_gbm_small"", ""params"": {""l2_regularization"": 10.0, ""learning_rate"": 0.025, ""max_iter"": 350, ""max_leaf_nodes"": 7, ""min_samples_leaf"": 75}}"
hist_gbm_medium__hl12.0,2018,0.9276641456467247,0.5496474923975494,0.18279587158592067,0.5705059203444564,0.031638461316552215,0.5436624972266488,929,hist_gbm,"{""half_life_years"": 12.0, ""model_type"": ""hist_gbm"", ""name"": ""hist_gbm_medium"", ""params"": {""l2_regularization"": 15.0, ""learning_rate"": 0.02, ""max_iter"": 450, ""max_leaf_nodes"": 15, ""min_samples_leaf"": 75}}"
hist_gbm_medium__hl20.0,2018,0.9246835550737038,0.5474061679545646,0.1821231823481699,0.5651237890204521,0.023627805153249273,0.546522998110544,929,hist_gbm,"{""half_life_years"": 20.0, ""model_type"": ""hist_gbm"", ""name"": ""hist_gbm_medium"", ""params"": {""l2_regularization"": 15.0, ""learning_rate"": 0.02, ""max_iter"": 450, ""max_leaf_nodes"": 15, ""min_samples_leaf"": 75}}"
hist_gbm_medium__hlNone,2018,0.9241999307857807,0.547225163025081,0.18210536920961204,0.5672766415500539,0.02130297512975135,0.5496026357934053,929,hist_gbm,"{""half_life_years"": null, ""model_type"": ""hist_gbm"", ""name"": ""hist_gbm_medium"", ""params"": {""l2_regularization"": 15.0, ""learning_rate"": 0.02, ""max_iter"": 450, ""max_leaf_nodes"": 15, ""min_samples_leaf"": 75}}"
logistic_fifa__hl20.0,2021,0.7897616046800283,0.4597901086921364,0.14696658328063694,0.6520179372197309,0.03357671298759224,0.6332225070406154,1115,logistic,"{""half_life_years"": 20.0, ""model_type"": ""logistic"", ""name"": ""logistic_fifa"", ""params"": {""C"": 3.0}}"
lightgbm_small__hl12.0,2021,0.798377661132347,0.4630855821829826,0.14835589159537868,0.6520179372197309,0.03778995951566606,0.6274448439342402,1115,lightgbm,"{""half_life_years"": 12.0, ""model_type"": ""lightgbm"", ""name"": ""lightgbm_small"", ""params"": {""learning_rate"": 0.02, ""max_depth"": 3, ""min_child_samples"": 75, ""n_estimators"": 350, ""num_leaves"": 7, ""reg_alpha"": 1.0, ""reg_lambda"": 10.0}}"
lightgbm_small__hl20.0,2021,0.7970377988271997,0.4625014797041549,0.14819599404671668,0.6493273542600897,0.03812839702082457,0.623137875619972,1115,lightgbm,"{""half_life_years"": 20.0, ""model_type"": ""lightgbm"", ""name"": ""lightgbm_small"", ""params"": {""learning_rate"": 0.02, ""max_depth"": 3, ""min_child_samples"": 75, ""n_estimators"": 350, ""num_leaves"": 7, ""reg_alpha"": 1.0, ""reg_lambda"": 10.0}}"
lightgbm_small__hlNone,2021,0.794985166284551,0.46157770309400964,0.14799966733598258,0.6502242152466368,0.026753509150531426,0.6234707060961052,1115,lightgbm,"{""half_life_years"": null, ""model_type"": ""lightgbm"", ""name"": ""lightgbm_small"", ""params"": {""learning_rate"": 0.02, ""max_depth"": 3, ""min_child_samples"": 75, ""n_estimators"": 350, ""num_leaves"": 7, ""reg_alpha"": 1.0, ""reg_lambda"": 10.0}}"
lightgbm_medium__hl12.0,2021,0.8061728535451768,0.4675915881873364,0.14996318614190263,0.6394618834080718,0.027962383611688905,0.6424938842638467,1115,lightgbm,"{""half_life_years"": 12.0, ""model_type"": ""lightgbm"", ""name"": ""lightgbm_medium"", ""params"": {""learning_rate"": 0.02, ""max_depth"": 4, ""min_child_samples"": 75, ""n_estimators"": 500, ""num_leaves"": 15, ""reg_alpha"": 1.0, ""reg_lambda"": 15.0}}"
lightgbm_medium__hl20.0,2021,0.8040388662542773,0.4665381567613357,0.1492765194549678,0.6367713004484304,0.02499839558210068,0.6374752294099747,1115,lightgbm,"{""half_life_years"": 20.0, ""model_type"": ""lightgbm"", ""name"": ""lightgbm_medium"", ""params"": {""learning_rate"": 0.02, ""max_depth"": 4, ""min_child_samples"": 75, ""n_estimators"": 500, ""num_leaves"": 15, ""reg_alpha"": 1.0, ""reg_lambda"": 15.0}}"
lightgbm_medium__hlNone,2021,0.7984140359441517,0.46383123552613886,0.1484467801294348,0.6394618834080718,0.0386284807642939,0.6252657761608451,1115,lightgbm,"{""half_life_years"": null, ""model_type"": ""lightgbm"", ""name"": ""lightgbm_medium"", ""params"": {""learning_rate"": 0.02, ""max_depth"": 4, ""min_child_samples"": 75, ""n_estimators"": 500, ""num_leaves"": 15, ""reg_alpha"": 1.0, ""reg_lambda"": 15.0}}"
lightgbm_slow__hl12.0,2021,0.809366999021335,0.4688823875634812,0.1502939409732351,0.6394618834080718,0.03221287917641899,0.6488596212833231,1115,lightgbm,"{""half_life_years"": 12.0, ""model_type"": ""lightgbm"", ""name"": ""lightgbm_slow"", ""params"": {""learning_rate"": 0.015, ""max_depth"": 5, ""min_child_samples"": 100, ""n_estimators"": 650, ""num_leaves"": 15, ""reg_alpha"": 2.0, ""reg_lambda"": 20.0}}"
lightgbm_slow__hl20.0,2021,0.8044476221093757,0.4665072517998623,0.14916732588638656,0.6385650224215247,0.028635818843968545,0.6399798529840481,1115,lightgbm,"{""half_life_years"": 20.0, ""model_type"": ""lightgbm"", ""name"": ""lightgbm_slow"", ""params"": {""learning_rate"": 0.015, ""max_depth"": 5, ""min_child_samples"": 100, ""n_estimators"": 650, ""num_leaves"": 15, ""reg_alpha"": 2.0, ""reg_lambda"": 20.0}}"
lightgbm_slow__hlNone,2021,0.799438938343926,0.46465660469264836,0.14866079684588376,0.6376681614349776,0.03400429523770269,0.6247380575141013,1115,lightgbm,"{""half_life_years"": null, ""model_type"": ""lightgbm"", ""name"": ""lightgbm_slow"", ""params"": {""learning_rate"": 0.015, ""max_depth"": 5, ""min_child_samples"": 100, ""n_estimators"": 650, ""num_leaves"": 15, ""reg_alpha"": 2.0, ""reg_lambda"": 20.0}}"
hist_gbm_small__hl12.0,2021,0.7978349942087358,0.46296572119379525,0.14831114561223216,0.6484304932735426,0.02489706379552011,0.6354770218264052,1115,hist_gbm,"{""half_life_years"": 12.0, ""model_type"": ""hist_gbm"", ""name"": ""hist_gbm_small"", ""params"": {""l2_regularization"": 10.0, ""learning_rate"": 0.025, ""max_iter"": 350, ""max_leaf_nodes"": 7, ""min_samples_leaf"": 75}}"
hist_gbm_small__hl20.0,2021,0.7962254901412121,0.4624849785589549,0.1482666616040072,0.6511210762331838,0.02101021172451206,0.6313828814667811,1115,hist_gbm,"{""half_life_years"": 20.0, ""model_type"": ""hist_gbm"", ""name"": ""hist_gbm_small"", ""params"": {""l2_regularization"": 10.0, ""learning_rate"": 0.025, ""max_iter"": 350, ""max_leaf_nodes"": 7, ""min_samples_leaf"": 75}}"
hist_gbm_small__hlNone,2021,0.7950444931332735,0.46201210181605024,0.1481181106266661,0.6484304932735426,0.024098889416724875,0.624454266920594,1115,hist_gbm,"{""half_life_years"": null, ""model_type"": ""hist_gbm"", ""name"": ""hist_gbm_small"", ""params"": {""l2_regularization"": 10.0, ""learning_rate"": 0.025, ""max_iter"": 350, ""max_leaf_nodes"": 7, ""min_samples_leaf"": 75}}"
hist_gbm_medium__hl12.0,2021,0.802534173260894,0.4656491941770661,0.14914599691802696,0.6466367713004484,0.02833144436494271,0.6310167111567535,1115,hist_gbm,"{""half_life_years"": 12.0, ""model_type"": ""hist_gbm"", ""name"": ""hist_gbm_medium"", ""params"": {""l2_regularization"": 15.0, ""learning_rate"": 0.02, ""max_iter"": 450, ""max_leaf_nodes"": 15, ""min_samples_leaf"": 75}}"
hist_gbm_medium__hl20.0,2021,0.7997098860735844,0.4643361377510368,0.1485688921952984,0.6475336322869956,0.022406296323558953,0.6345341393105132,1115,hist_gbm,"{""half_life_years"": 20.0, ""model_type"": ""hist_gbm"", ""name"": ""hist_gbm_medium"", ""params"": {""l2_regularization"": 15.0, ""learning_rate"": 0.02, ""max_iter"": 450, ""max_leaf_nodes"": 15, ""min_samples_leaf"": 75}}"
hist_gbm_medium__hlNone,2021,0.8001093175903399,0.4647408833464105,0.14867735673769147,0.6457399103139013,0.03190942374203639,0.623108084442672,1115,hist_gbm,"{""half_life_years"": null, ""model_type"": ""hist_gbm"", ""name"": ""hist_gbm_medium"", ""params"": {""l2_regularization"": 15.0, ""learning_rate"": 0.02, ""max_iter"": 450, ""max_leaf_nodes"": 15, ""min_samples_leaf"": 75}}"
logistic_fifa__hl20.0,2022,0.9141103053679913,0.5375841535222516,0.18210905510642422,0.5896907216494846,0.0348218580504817,0.5826780818948136,970,logistic,"{""half_life_years"": 20.0, ""model_type"": ""logistic"", ""name"": ""logistic_fifa"", ""params"": {""C"": 3.0}}"
lightgbm_small__hl12.0,2022,0.9160518345537602,0.5386036283871409,0.1826823510173509,0.5824742268041238,0.01566416258410052,0.5727049053806527,970,lightgbm,"{""half_life_years"": 12.0, ""model_type"": ""lightgbm"", ""name"": ""lightgbm_small"", ""params"": {""learning_rate"": 0.02, ""max_depth"": 3, ""min_child_samples"": 75, ""n_estimators"": 350, ""num_leaves"": 7, ""reg_alpha"": 1.0, ""reg_lambda"": 10.0}}"
lightgbm_small__hl20.0,2022,0.9147094403150265,0.5378354521516165,0.1822538648270386,0.5865979381443299,0.023923319007522387,0.5695525217716865,970,lightgbm,"{""half_life_years"": 20.0, ""model_type"": ""lightgbm"", ""name"": ""lightgbm_small"", ""params"": {""learning_rate"": 0.02, ""max_depth"": 3, ""min_child_samples"": 75, ""n_estimators"": 350, ""num_leaves"": 7, ""reg_alpha"": 1.0, ""reg_lambda"": 10.0}}"
lightgbm_small__hlNone,2022,0.9144539714710592,0.5377833166666625,0.18230552590395882,0.5855670103092784,0.027565833505564494,0.569341917590175,970,lightgbm,"{""half_life_years"": null, ""model_type"": ""lightgbm"", ""name"": ""lightgbm_small"", ""params"": {""learning_rate"": 0.02, ""max_depth"": 3, ""min_child_samples"": 75, ""n_estimators"": 350, ""num_leaves"": 7, ""reg_alpha"": 1.0, ""reg_lambda"": 10.0}}"
lightgbm_medium__hl12.0,2022,0.9215551154952502,0.5405032239039278,0.18319781091658613,0.5845360824742268,0.019284345543914002,0.5928760337553656,970,lightgbm,"{""half_life_years"": 12.0, ""model_type"": ""lightgbm"", ""name"": ""lightgbm_medium"", ""params"": {""learning_rate"": 0.02, ""max_depth"": 4, ""min_child_samples"": 75, ""n_estimators"": 500, ""num_leaves"": 15, ""reg_alpha"": 1.0, ""reg_lambda"": 15.0}}"
lightgbm_medium__hl20.0,2022,0.9184912054872219,0.5398459597300862,0.18293976340185125,0.5793814432989691,0.01779576765472346,0.582671666803778,970,lightgbm,"{""half_life_years"": 20.0, ""model_type"": ""lightgbm"", ""name"": ""lightgbm_medium"", ""params"": {""learning_rate"": 0.02, ""max_depth"": 4, ""min_child_samples"": 75, ""n_estimators"": 500, ""num_leaves"": 15, ""reg_alpha"": 1.0, ""reg_lambda"": 15.0}}"
lightgbm_medium__hlNone,2022,0.9184981571714729,0.5403110137751959,0.18313746373813494,0.5865979381443299,0.030196332411290723,0.5723424200964814,970,lightgbm,"{""half_life_years"": null, ""model_type"": ""lightgbm"", ""name"": ""lightgbm_medium"", ""params"": {""learning_rate"": 0.02, ""max_depth"": 4, ""min_child_samples"": 75, ""n_estimators"": 500, ""num_leaves"": 15, ""reg_alpha"": 1.0, ""reg_lambda"": 15.0}}"
lightgbm_slow__hl12.0,2022,0.925185530660922,0.5436496407924464,0.184367098670748,0.5721649484536082,0.030859638087743387,0.5916696057079617,970,lightgbm,"{""half_life_years"": 12.0, ""model_type"": ""lightgbm"", ""name"": ""lightgbm_slow"", ""params"": {""learning_rate"": 0.015, ""max_depth"": 5, ""min_child_samples"": 100, ""n_estimators"": 650, ""num_leaves"": 15, ""reg_alpha"": 2.0, ""reg_lambda"": 20.0}}"
lightgbm_slow__hl20.0,2022,0.9218532165954516,0.5421470771883936,0.1837135307488641,0.5721649484536082,0.017796727416186917,0.5844888415208702,970,lightgbm,"{""half_life_years"": 20.0, ""model_type"": ""lightgbm"", ""name"": ""lightgbm_slow"", ""params"": {""learning_rate"": 0.015, ""max_depth"": 5, ""min_child_samples"": 100, ""n_estimators"": 650, ""num_leaves"": 15, ""reg_alpha"": 2.0, ""reg_lambda"": 20.0}}"
lightgbm_slow__hlNone,2022,0.9218134394770809,0.5426906846959844,0.18398688244643732,0.5793814432989691,0.03448254348144599,0.5736584969601205,970,lightgbm,"{""half_life_years"": null, ""model_type"": ""lightgbm"", ""name"": ""lightgbm_slow"", ""params"": {""learning_rate"": 0.015, ""max_depth"": 5, ""min_child_samples"": 100, ""n_estimators"": 650, ""num_leaves"": 15, ""reg_alpha"": 2.0, ""reg_lambda"": 20.0}}"
hist_gbm_small__hl12.0,2022,0.9199008342209375,0.5398385813077853,0.18323977047727671,0.5845360824742268,0.033997174703808586,0.5816002681956007,970,hist_gbm,"{""half_life_years"": 12.0, ""model_type"": ""hist_gbm"", ""name"": ""hist_gbm_small"", ""params"": {""l2_regularization"": 10.0, ""learning_rate"": 0.025, ""max_iter"": 350, ""max_leaf_nodes"": 7, ""min_samples_leaf"": 75}}"
hist_gbm_small__hl20.0,2022,0.9184024059229206,0.5394981352513187,0.1829599415148201,0.5814432989690722,0.036142882775757834,0.5771809708063601,970,hist_gbm,"{""half_life_years"": 20.0, ""model_type"": ""hist_gbm"", ""name"": ""hist_gbm_small"", ""params"": {""l2_regularization"": 10.0, ""learning_rate"": 0.025, ""max_iter"": 350, ""max_leaf_nodes"": 7, ""min_samples_leaf"": 75}}"
hist_gbm_small__hlNone,2022,0.9161983764237271,0.5386774250623253,0.18258844631140406,0.5845360824742268,0.021832239658396195,0.5708040751354085,970,hist_gbm,"{""half_life_years"": null, ""model_type"": ""hist_gbm"", ""name"": ""hist_gbm_small"", ""params"": {""l2_regularization"": 10.0, ""learning_rate"": 0.025, ""max_iter"": 350, ""max_leaf_nodes"": 7, ""min_samples_leaf"": 75}}"
hist_gbm_medium__hl12.0,2022,0.9229477410950061,0.5413217196428983,0.18363945666101367,0.5855670103092784,0.03305452209198414,0.5841990039149804,970,hist_gbm,"{""half_life_years"": 12.0, ""model_type"": ""hist_gbm"", ""name"": ""hist_gbm_medium"", ""params"": {""l2_regularization"": 15.0, ""learning_rate"": 0.02, ""max_iter"": 450, ""max_leaf_nodes"": 15, ""min_samples_leaf"": 75}}"
hist_gbm_medium__hl20.0,2022,0.9218522974293905,0.5416888333865252,0.1837169854912828,0.5855670103092784,0.028141911362472516,0.5734595725563264,970,hist_gbm,"{""half_life_years"": 20.0, ""model_type"": ""hist_gbm"", ""name"": ""hist_gbm_medium"", ""params"": {""l2_regularization"": 15.0, ""learning_rate"": 0.02, ""max_iter"": 450, ""max_leaf_nodes"": 15, ""min_samples_leaf"": 75}}"
hist_gbm_medium__hlNone,2022,0.9181312331559252,0.5398458303623247,0.18311905892234812,0.5917525773195876,0.03771950003440264,0.570157208504246,970,hist_gbm,"{""half_life_years"": null, ""model_type"": ""hist_gbm"", ""name"": ""hist_gbm_medium"", ""params"": {""l2_regularization"": 15.0, ""learning_rate"": 0.02, ""max_iter"": 450, ""max_leaf_nodes"": 15, ""min_samples_leaf"": 75}}"
logistic_fifa__hl20.0,2023,0.8438723357660212,0.4947870300581851,0.1673674240355196,0.6309297912713473,0.04183397852477172,0.6432790856709768,1054,logistic,"{""half_life_years"": 20.0, ""model_type"": ""logistic"", ""name"": ""logistic_fifa"", ""params"": {""C"": 3.0}}"
lightgbm_small__hl12.0,2023,0.8552540165509703,0.5015939992537415,0.17067589784082132,0.611954459203036,0.02166851426697379,0.6195729038367773,1054,lightgbm,"{""half_life_years"": 12.0, ""model_type"": ""lightgbm"", ""name"": ""lightgbm_small"", ""params"": {""learning_rate"": 0.02, ""max_depth"": 3, ""min_child_samples"": 75, ""n_estimators"": 350, ""num_leaves"": 7, ""reg_alpha"": 1.0, ""reg_lambda"": 10.0}}"
lightgbm_small__hl20.0,2023,0.8530096078744154,0.5001800359646061,0.17020526617027704,0.6166982922201139,0.020299371284695437,0.6187679781639682,1054,lightgbm,"{""half_life_years"": 20.0, ""model_type"": ""lightgbm"", ""name"": ""lightgbm_small"", ""params"": {""learning_rate"": 0.02, ""max_depth"": 3, ""min_child_samples"": 75, ""n_estimators"": 350, ""num_leaves"": 7, ""reg_alpha"": 1.0, ""reg_lambda"": 10.0}}"
lightgbm_small__hlNone,2023,0.8517313945466127,0.499090813896931,0.16974080760325325,0.6157495256166983,0.028846720960765473,0.6143899162367434,1054,lightgbm,"{""half_life_years"": null, ""model_type"": ""lightgbm"", ""name"": ""lightgbm_small"", ""params"": {""learning_rate"": 0.02, ""max_depth"": 3, ""min_child_samples"": 75, ""n_estimators"": 350, ""num_leaves"": 7, ""reg_alpha"": 1.0, ""reg_lambda"": 10.0}}"
lightgbm_medium__hl12.0,2023,0.8574648052636688,0.503005809283966,0.1711678115155215,0.611954459203036,0.03540417849676705,0.6386347047656074,1054,lightgbm,"{""half_life_years"": 12.0, ""model_type"": ""lightgbm"", ""name"": ""lightgbm_medium"", ""params"": {""learning_rate"": 0.02, ""max_depth"": 4, ""min_child_samples"": 75, ""n_estimators"": 500, ""num_leaves"": 15, ""reg_alpha"": 1.0, ""reg_lambda"": 15.0}}"
lightgbm_medium__hl20.0,2023,0.8535535834487689,0.5005313649000676,0.17005102723722254,0.6157495256166983,0.02625299976153538,0.6310487301354819,1054,lightgbm,"{""half_life_years"": 20.0, ""model_type"": ""lightgbm"", ""name"": ""lightgbm_medium"", ""params"": {""learning_rate"": 0.02, ""max_depth"": 4, ""min_child_samples"": 75, ""n_estimators"": 500, ""num_leaves"": 15, ""reg_alpha"": 1.0, ""reg_lambda"": 15.0}}"
lightgbm_medium__hlNone,2023,0.8524699566580637,0.49975195817078416,0.16975059392023423,0.6204933586337761,0.03462055313913385,0.6272336809457252,1054,lightgbm,"{""half_life_years"": null, ""model_type"": ""lightgbm"", ""name"": ""lightgbm_medium"", ""params"": {""learning_rate"": 0.02, ""max_depth"": 4, ""min_child_samples"": 75, ""n_estimators"": 500, ""num_leaves"": 15, ""reg_alpha"": 1.0, ""reg_lambda"": 15.0}}"
lightgbm_slow__hl12.0,2023,0.8533910142280591,0.5006737590205877,0.170150809240623,0.611954459203036,0.028140793791445105,0.6344018363164522,1054,lightgbm,"{""half_life_years"": 12.0, ""model_type"": ""lightgbm"", ""name"": ""lightgbm_slow"", ""params"": {""learning_rate"": 0.015, ""max_depth"": 5, ""min_child_samples"": 100, ""n_estimators"": 650, ""num_leaves"": 15, ""reg_alpha"": 2.0, ""reg_lambda"": 20.0}}"
lightgbm_slow__hl20.0,2023,0.8516895927062427,0.49961875313380005,0.16956253757147752,0.6195445920303605,0.029212710112930845,0.6329947669830503,1054,lightgbm,"{""half_life_years"": 20.0, ""model_type"": ""lightgbm"", ""name"": ""lightgbm_slow"", ""params"": {""learning_rate"": 0.015, ""max_depth"": 5, ""min_child_samples"": 100, ""n_estimators"": 650, ""num_leaves"": 15, ""reg_alpha"": 2.0, ""reg_lambda"": 20.0}}"
lightgbm_slow__hlNone,2023,0.852368182750345,0.49943319395972563,0.16939990970979033,0.6195445920303605,0.02825229617246395,0.6284300951854302,1054,lightgbm,"{""half_life_years"": null, ""model_type"": ""lightgbm"", ""name"": ""lightgbm_slow"", ""params"": {""learning_rate"": 0.015, ""max_depth"": 5, ""min_child_samples"": 100, ""n_estimators"": 650, ""num_leaves"": 15, ""reg_alpha"": 2.0, ""reg_lambda"": 20.0}}"
hist_gbm_small__hl12.0,2023,0.8550038465163684,0.5009463732960088,0.17026538662633456,0.6148007590132827,0.03305020673894594,0.6242852809104616,1054,hist_gbm,"{""half_life_years"": 12.0, ""model_type"": ""hist_gbm"", ""name"": ""hist_gbm_small"", ""params"": {""l2_regularization"": 10.0, ""learning_rate"": 0.025, ""max_iter"": 350, ""max_leaf_nodes"": 7, ""min_samples_leaf"": 75}}"
hist_gbm_small__hl20.0,2023,0.8529979157812658,0.4995957431017724,0.16969059759500055,0.6138519924098672,0.035716475282789976,0.6233032439649062,1054,hist_gbm,"{""half_life_years"": 20.0, ""model_type"": ""hist_gbm"", ""name"": ""hist_gbm_small"", ""params"": {""l2_regularization"": 10.0, ""learning_rate"": 0.025, ""max_iter"": 350, ""max_leaf_nodes"": 7, ""min_samples_leaf"": 75}}"
hist_gbm_small__hlNone,2023,0.850462305398461,0.49798354909309955,0.16879098819621824,0.6157495256166983,0.03467759820689279,0.6198921831447837,1054,hist_gbm,"{""half_life_years"": null, ""model_type"": ""hist_gbm"", ""name"": ""hist_gbm_small"", ""params"": {""l2_regularization"": 10.0, ""learning_rate"": 0.025, ""max_iter"": 350, ""max_leaf_nodes"": 7, ""min_samples_leaf"": 75}}"
hist_gbm_medium__hl12.0,2023,0.8570874737031746,0.502157256865884,0.17033501873712809,0.6157495256166983,0.032119345238110775,0.6303281891697569,1054,hist_gbm,"{""half_life_years"": 12.0, ""model_type"": ""hist_gbm"", ""name"": ""hist_gbm_medium"", ""params"": {""l2_regularization"": 15.0, ""learning_rate"": 0.02, ""max_iter"": 450, ""max_leaf_nodes"": 15, ""min_samples_leaf"": 75}}"
hist_gbm_medium__hl20.0,2023,0.8539783612852061,0.5001957855199053,0.16951130937637066,0.618595825426945,0.03521113640223948,0.630340790950102,1054,hist_gbm,"{""half_life_years"": 20.0, ""model_type"": ""hist_gbm"", ""name"": ""hist_gbm_medium"", ""params"": {""l2_regularization"": 15.0, ""learning_rate"": 0.02, ""max_iter"": 450, ""max_leaf_nodes"": 15, ""min_samples_leaf"": 75}}"
hist_gbm_medium__hlNone,2023,0.8512395556814119,0.4983026659763662,0.16864980217147232,0.6176470588235294,0.03763059369123856,0.6208213904554721,1054,hist_gbm,"{""half_life_years"": null, ""model_type"": ""hist_gbm"", ""name"": ""hist_gbm_medium"", ""params"": {""l2_regularization"": 15.0, ""learning_rate"": 0.02, ""max_iter"": 450, ""max_leaf_nodes"": 15, ""min_samples_leaf"": 75}}"
logistic_fifa__hl20.0,2024,0.8929154551746498,0.5268952393996449,0.17240207589327533,0.5931651749389748,0.04446331944187592,0.6307967197148744,1229,logistic,"{""half_life_years"": 20.0, ""model_type"": ""logistic"", ""name"": ""logistic_fifa"", ""params"": {""C"": 3.0}}"
lightgbm_small__hl12.0,2024,0.8986626134044398,0.5303927008627207,0.1741988250370962,0.5874694873881204,0.028680550835587813,0.6099938055572666,1229,lightgbm,"{""half_life_years"": 12.0, ""model_type"": ""lightgbm"", ""name"": ""lightgbm_small"", ""params"": {""learning_rate"": 0.02, ""max_depth"": 3, ""min_child_samples"": 75, ""n_estimators"": 350, ""num_leaves"": 7, ""reg_alpha"": 1.0, ""reg_lambda"": 10.0}}"
lightgbm_small__hl20.0,2024,0.8978026797543475,0.5298052167971926,0.17400244113735427,0.5842148087876322,0.026720250161601584,0.607444389906705,1229,lightgbm,"{""half_life_years"": 20.0, ""model_type"": ""lightgbm"", ""name"": ""lightgbm_small"", ""params"": {""learning_rate"": 0.02, ""max_depth"": 3, ""min_child_samples"": 75, ""n_estimators"": 350, ""num_leaves"": 7, ""reg_alpha"": 1.0, ""reg_lambda"": 10.0}}"
lightgbm_small__hlNone,2024,0.8987667104678103,0.530297823081988,0.17412983391043332,0.5850284784377543,0.023089653513973615,0.6067766768915851,1229,lightgbm,"{""half_life_years"": null, ""model_type"": ""lightgbm"", ""name"": ""lightgbm_small"", ""params"": {""learning_rate"": 0.02, ""max_depth"": 3, ""min_child_samples"": 75, ""n_estimators"": 350, ""num_leaves"": 7, ""reg_alpha"": 1.0, ""reg_lambda"": 10.0}}"
lightgbm_medium__hl12.0,2024,0.9009375774324846,0.5315170736971803,0.17460630410521147,0.5858421480878763,0.04269001901240121,0.6146330914052316,1229,lightgbm,"{""half_life_years"": 12.0, ""model_type"": ""lightgbm"", ""name"": ""lightgbm_medium"", ""params"": {""learning_rate"": 0.02, ""max_depth"": 4, ""min_child_samples"": 75, ""n_estimators"": 500, ""num_leaves"": 15, ""reg_alpha"": 1.0, ""reg_lambda"": 15.0}}"
lightgbm_medium__hl20.0,2024,0.8992213540480953,0.5304243918299666,0.1742648730002968,0.5842148087876322,0.03432590926146154,0.6145801069974401,1229,lightgbm,"{""half_life_years"": 20.0, ""model_type"": ""lightgbm"", ""name"": ""lightgbm_medium"", ""params"": {""learning_rate"": 0.02, ""max_depth"": 4, ""min_child_samples"": 75, ""n_estimators"": 500, ""num_leaves"": 15, ""reg_alpha"": 1.0, ""reg_lambda"": 15.0}}"
lightgbm_medium__hlNone,2024,0.8969624429928098,0.529380995051327,0.17373608440618174,0.5858421480878763,0.03548063955027643,0.6143209702479816,1229,lightgbm,"{""half_life_years"": null, ""model_type"": ""lightgbm"", ""name"": ""lightgbm_medium"", ""params"": {""learning_rate"": 0.02, ""max_depth"": 4, ""min_child_samples"": 75, ""n_estimators"": 500, ""num_leaves"": 15, ""reg_alpha"": 1.0, ""reg_lambda"": 15.0}}"
lightgbm_slow__hl12.0,2024,0.9015351920290793,0.5314849641637762,0.17469456499626526,0.5882831570382425,0.04199519312241558,0.6162019758931898,1229,lightgbm,"{""half_life_years"": 12.0, ""model_type"": ""lightgbm"", ""name"": ""lightgbm_slow"", ""params"": {""learning_rate"": 0.015, ""max_depth"": 5, ""min_child_samples"": 100, ""n_estimators"": 650, ""num_leaves"": 15, ""reg_alpha"": 2.0, ""reg_lambda"": 20.0}}"
lightgbm_slow__hl20.0,2024,0.8998397545459621,0.5304898831138208,0.1743089134609317,0.5899104963384866,0.04962185575295418,0.6181469244929494,1229,lightgbm,"{""half_life_years"": 20.0, ""model_type"": ""lightgbm"", ""name"": ""lightgbm_slow"", ""params"": {""learning_rate"": 0.015, ""max_depth"": 5, ""min_child_samples"": 100, ""n_estimators"": 650, ""num_leaves"": 15, ""reg_alpha"": 2.0, ""reg_lambda"": 20.0}}"
lightgbm_slow__hlNone,2024,0.8979816004654808,0.5300152775188921,0.17403918694477924,0.5866558177379984,0.03607053708273204,0.6157248206362801,1229,lightgbm,"{""half_life_years"": null, ""model_type"": ""lightgbm"", ""name"": ""lightgbm_slow"", ""params"": {""learning_rate"": 0.015, ""max_depth"": 5, ""min_child_samples"": 100, ""n_estimators"": 650, ""num_leaves"": 15, ""reg_alpha"": 2.0, ""reg_lambda"": 20.0}}"
hist_gbm_small__hl12.0,2024,0.8987415319167644,0.5300546791711177,0.17426499161817763,0.5834011391375101,0.03611652070263111,0.6111727913366901,1229,hist_gbm,"{""half_life_years"": 12.0, ""model_type"": ""hist_gbm"", ""name"": ""hist_gbm_small"", ""params"": {""l2_regularization"": 10.0, ""learning_rate"": 0.025, ""max_iter"": 350, ""max_leaf_nodes"": 7, ""min_samples_leaf"": 75}}"
hist_gbm_small__hl20.0,2024,0.8977423643422999,0.5296460101057152,0.17392558538832026,0.5858421480878763,0.03223607564358653,0.6125110004754595,1229,hist_gbm,"{""half_life_years"": 20.0, ""model_type"": ""hist_gbm"", ""name"": ""hist_gbm_small"", ""params"": {""l2_regularization"": 10.0, ""learning_rate"": 0.025, ""max_iter"": 350, ""max_leaf_nodes"": 7, ""min_samples_leaf"": 75}}"
hist_gbm_small__hlNone,2024,0.8986568862237821,0.5300924522110195,0.17422726882016465,0.5834011391375101,0.030378746540325553,0.6116450758058973,1229,hist_gbm,"{""half_life_years"": null, ""model_type"": ""hist_gbm"", ""name"": ""hist_gbm_small"", ""params"": {""l2_regularization"": 10.0, ""learning_rate"": 0.025, ""max_iter"": 350, ""max_leaf_nodes"": 7, ""min_samples_leaf"": 75}}"
hist_gbm_medium__hl12.0,2024,0.9000282862436764,0.5307444409268276,0.17469523364261774,0.5842148087876322,0.03702736465626233,0.6131198343973054,1229,hist_gbm,"{""half_life_years"": 12.0, ""model_type"": ""hist_gbm"", ""name"": ""hist_gbm_medium"", ""params"": {""l2_regularization"": 15.0, ""learning_rate"": 0.02, ""max_iter"": 450, ""max_leaf_nodes"": 15, ""min_samples_leaf"": 75}}"
hist_gbm_medium__hl20.0,2024,0.9012377844388199,0.5313847966622611,0.1747131743515771,0.5842148087876322,0.03312641455650681,0.613221741296312,1229,hist_gbm,"{""half_life_years"": 20.0, ""model_type"": ""hist_gbm"", ""name"": ""hist_gbm_medium"", ""params"": {""l2_regularization"": 15.0, ""learning_rate"": 0.02, ""max_iter"": 450, ""max_leaf_nodes"": 15, ""min_samples_leaf"": 75}}"
hist_gbm_medium__hlNone,2024,0.9000047928141643,0.5305324781515443,0.1744665501263647,0.5834011391375101,0.03266909562562002,0.6135617626727123,1229,hist_gbm,"{""half_life_years"": null, ""model_type"": ""hist_gbm"", ""name"": ""hist_gbm_medium"", ""params"": {""l2_regularization"": 15.0, ""learning_rate"": 0.02, ""max_iter"": 450, ""max_leaf_nodes"": 15, ""min_samples_leaf"": 75}}"
